{
  "version": 1,
  "author": "Uri Shaked",
  "editor": "wokwi",
  "parts": [
    { "type": "wokwi-esp32-devkit-v1", "id": "esp", "top": -94.01, "left": -50.1, "attrs": {} },
    { "type": "wokwi-dht22", "id": "dht1", "top": -154.5, "left": -190.65, "attrs": {} },
    { "type": "wokwi-led", "id": "led1", "top": -42, "left": 128.6, "attrs": { "color": "red" } },
    {
      "type": "board-ssd1306",
      "id": "oled1",
      "top": 166.34,
      "left": -191.77,
      "attrs": { "i2cAddress": "0x3c" }
    }
  ],
  "connections": [
    [ "esp:TX0", "$serialMonitor:RX", "", [] ],
    [ "esp:RX0", "$serialMonitor:TX", "", [] ],
    [ "dht1:VCC", "esp:VIN", "red", [ "v0" ] ],
    [ "dht1:SDA", "esp:D13", "green", [ "v0" ] ],
    [ "dht1:GND", "esp:GND.2", "black", [ "v0" ] ],
    [ "oled1:GND", "esp:GND.2", "black", [ "v0" ] ],
    [ "oled1:VCC", "esp:VIN", "red", [ "v0" ] ],
    [ "oled1:SCL", "esp:D4", "purple", [ "v-14.63", "h230.83", "v-89.21" ] ],
    [ "oled1:SDA", "esp:D5", "blue", [ "h240.07", "v-175.51" ] ],
    [ "esp:GND.1", "led1:C", "black", [ "h0" ] ],
    [ "esp:D2", "led1:A", "red", [ "h0" ] ]
  ],
  "dependencies": {}
}